flight_id,flight_dt,plane_id,first_pilot_id,second_pilot_id,destination,quantity
1,2021-08-31 0:28:48,220,2,111,Грабцево,243
2,2021-06-21 8:49:42,404,109,86,Чертовицкое,237
3,2021-11-17 23:11:43,787,11,114,Брянск,179
4,2021-09-09 16:30:54,727,111,100,Братск,63
5,2021-10-28 13:07:38,18,10,114,Иркутск,44
6,2021-07-17 3:41:06,300,104,25,Имени Г.С.Титова,46
7,2021-08-16 3:50:01,767,116,38,Шереметьево,35
8,2021-08-11 16:24:36,767,43,31,Шереметьево,232
9,2021-08-18 3:06:00,300,94,43,Йошкар-Ола,204
10,2021-03-28 23:34:21,18,69,85,Воркута,84
11,2021-04-17 15:21:45,21,108,3,Чертовицкое,39
12,2021-11-12 23:10:43,787,64,93,Храброво,192
13,2021-07-26 17:58:55,18,17,122,Пулково,144
14,2021-09-06 15:28:01,300,61,119,Иркутск,196
15,2021-01-24 20:07:33,18,24,61,Братск,236
16,2021-11-05 1:09:08,18,21,19,Кольцово,254
17,2021-11-18 19:11:53,767,101,32,Храброво,233
18,2021-12-03 19:04:35,122,71,42,Черемшанка,197
19,2021-08-02 4:40:19,727,117,92,Владимир,180
20,2021-04-01 13:21:09,767,97,46,Храброво,121
21,2021-09-15 18:36:40,767,82,96,Бегишево,245
22,2021-04-03 22:32:21,21,84,24,Братск,109
23,2021-05-24 16:28:03,404,36,91,Вологда,110
24,2021-10-16 21:05:18,404,89,111,Пулково,217
25,2021-03-01 13:55:33,18,39,18,Пенза,100
26,2021-09-10 1:06:32,402,10,65,Гумрак,87
27,2021-07-17 21:53:12,402,60,54,Имени Г.С.Титова,186
28,2021-05-29 5:40:39,404,41,37,Внуково,232
29,2021-09-05 13:41:07,402,36,35,Шереметьево,161
30,2021-12-11 0:35:55,11,78,71,Кольцово,241
31,2021-09-01 6:33:31,21,30,114,Ярославль,78
32,2021-02-18 6:17:21,777,97,112,Шереметьево,197
33,2021-11-27 23:13:43,21,44,33,Шереметьево,56
34,2021-05-11 9:56:18,11,56,92,Шереметьево,173
35,2021-05-17 20:39:09,220,18,13,Кемерово,104
36,2021-10-08 13:03:38,18,43,85,Ярославль,85
37,2021-10-17 7:05:23,747,37,87,Витязево,142
38,2021-09-18 11:03:55,727,109,82,Храброво,171
39,2021-05-04 7:40:09,122,37,99,Кольцово,75
40,2021-11-30 1:14:08,220,99,94,Волоковая,196
41,2021-01-17 16:33:57,300,99,113,Воркута,226
42,2021-12-09 23:48:35,767,73,42,Кемерово,170
43,2021-08-27 1:56:50,330,99,121,Ростов-на-Дону,206
44,2021-08-14 4:34:02,919,20,45,Восточный,181
45,2021-11-16 7:11:23,402,85,52,Бугульма,110
46,2021-09-26 16:43:29,727,41,93,Воркута,106
47,2021-10-13 23:04:43,310,15,68,Остафьево,133
48,2021-09-21 16:24:37,747,36,29,Тюмень,92
49,2021-01-11 17:35:57,919,59,96,Чертовицкое,256
50,2021-10-02 7:02:23,310,101,42,Грабцево,51
51,2021-01-10 13:00:21,402,53,51,Иркутск,98
52,2021-10-11 1:04:08,18,29,51,Челябинск,163
53,2021-07-11 2:04:18,404,73,70,Ярославль,47
54,2021-10-28 23:07:43,330,98,56,Имени Г.С.Титова,168
55,2021-09-15 5:43:13,737,76,91,Красноярск,118
56,2021-12-08 8:08:51,122,62,46,Бугульма,138
57,2021-03-19 10:49:33,21,23,106,Шереметьево,65
58,2021-02-17 1:41:45,757,81,101,Внуково,168
59,2021-06-14 22:06:51,330,11,47,Чертовицкое,150
60,2021-09-18 19:39:33,402,71,70,Шереметьево,158
61,2021-09-28 13:01:38,757,8,78,Грабцево,37
62,2021-04-30 17:53:21,777,11,37,Беслан,45
63,2021-11-14 15:11:03,330,23,84,Грабцево,149
64,2021-05-23 4:03:51,402,110,85,Владимир,256
65,2021-08-01 15:46:52,21,88,116,Иркутск,126
66,2021-09-19 4:15:11,787,92,103,Йошкар-Ола,72
67,2021-08-05 1:25:23,18,30,59,Гумрак,98
68,2021-07-08 10:21:57,787,96,74,Пенза,253
69,2021-02-26 14:26:33,11,104,27,Храброво,123
70,2021-02-06 22:39:09,737,25,32,Черемшанка,58
71,2021-08-06 20:23:33,320,105,50,Беслан,83
72,2021-07-07 7:03:48,919,34,24,Братск,39
73,2021-06-24 9:38:06,11,75,61,Чебоксары,204
74,2021-09-17 9:17:01,777,66,12,Тюмень,188
75,2021-12-10 19:38:27,402,77,117,Тюмень,174
76,2021-04-11 16:23:45,767,1,57,Челябинск,158
77,2021-10-19 19:05:53,122,99,105,Казань,163
78,2021-10-10 15:04:03,757,27,109,Чебоксары,241
79,2021-07-15 6:10:51,737,76,82,Бегишево,178
80,2021-10-11 21:04:18,919,71,100,Владимир,81
81,2021-01-15 7:22:45,787,15,38,Иркутск,66
82,2021-10-03 3:02:33,220,83,31,Челябинск,119
83,2021-09-20 6:02:05,919,64,25,Гумрак,186
84,2021-12-05 15:41:47,310,84,119,Шереметьево,57
85,2021-10-15 5:04:58,18,106,93,Бугульма,184
86,2021-06-13 9:42:39,18,21,71,Толмачево,184
87,2021-01-07 13:31:21,777,8,102,Остафьево,73
88,2021-08-07 13:34:49,737,89,64,Бугульма,112
89,2021-06-10 18:00:18,777,2,74,Шереметьево,61
90,2021-10-12 17:04:28,402,12,47,Бугульма,107
91,2021-07-29 10:26:10,122,14,94,Чертовицкое,193
92,2021-07-28 12:57:05,220,103,45,Воркута,55
93,2021-12-08 13:06:19,402,99,69,Победилово,185
94,2021-05-15 4:56:48,122,91,15,Победилово,190
95,2021-06-25 3:50:12,757,99,74,Шереметьево,100
96,2021-04-23 14:19:45,757,115,1,Грабцево,102
97,2021-06-08 20:30:03,220,120,14,Ярославль,241
98,2021-06-09 5:36:06,320,32,109,Братск,229
99,2021-03-27 18:58:45,919,33,97,Толмачево,135
100,2021-08-21 21:20:09,402,18,116,Ижевск,247
101,2021-12-15 18:37:39,11,42,82,Тюмень,219
102,2021-11-25 11:13:13,747,86,59,Грабцево,53
103,2021-02-04 13:27:57,767,82,91,Внуково,170
104,2021-08-09 8:32:59,747,56,122,Победилово,132
105,2021-08-27 14:50:17,727,88,63,Чертовицкое,96
106,2021-08-31 13:22:15,300,18,13,Шереметьево,107
107,2021-01-20 1:45:09,11,1,59,Братск,136
108,2021-04-06 22:01:21,11,35,59,Йошкар-Ола,50
109,2021-10-07 17:03:28,300,6,87,Чертовицкое,46
110,2021-05-23 22:15:57,320,47,77,Тюмень,186
111,2021-08-30 7:17:32,300,45,50,Уфа,120
112,2021-07-05 9:33:33,737,72,36,Пенза,127
113,2021-07-05 0:27:30,220,10,26,Толмачево,164
114,2021-08-10 18:55:31,122,102,18,Шереметьево,168
115,2021-03-05 3:42:21,122,42,110,Пулково,70
116,2021-01-31 23:41:09,404,8,45,Пулково,74
117,2021-08-12 18:11:30,220,42,17,Тюмень,196
118,2021-07-29 19:01:48,18,79,81,Братск,174
119,2021-03-06 22:35:45,727,26,88,Братск,46
120,2021-05-19 9:03:21,767,64,34,Тюмень,105
121,2021-02-01 13:58:57,919,100,32,Бегишево,40
122,2021-05-17 2:27:03,777,95,114,Восточный,111
123,2021-01-08 18:06:57,787,50,49,Владимир,247
124,2021-08-27 6:14:39,787,61,77,Братск,93
125,2021-07-31 1:06:31,727,61,16,Воркута,250
126,2021-09-06 6:52:23,300,12,87,Чебоксары,35
127,2021-06-03 13:05:21,21,28,82,Победилово,95
128,2021-06-05 19:41:39,21,41,57,Уфа,104
129,2021-02-20 1:10:45,404,98,14,Уфа,232
130,2021-07-22 11:05:48,787,23,47,Вологда,234
131,2021-10-24 9:06:48,737,121,26,Витязево,93
132,2021-08-04 12:31:56,402,90,8,Ижевск,102
133,2021-07-28 17:14:54,300,33,18,Черемшанка,123
134,2021-10-29 19:07:53,747,63,34,Йошкар-Ола,57
135,2021-06-20 23:43:39,747,53,55,Победилово,172
136,2021-12-06 11:31:39,919,4,34,Владимир,117
137,2021-11-16 17:11:28,404,86,22,Шереметьево,35
138,2021-05-20 3:15:27,220,12,21,Шереметьево,55
139,2021-03-22 10:18:33,11,107,31,Ростов-на-Дону,183
140,2021-04-25 23:30:57,122,62,46,Бегишево,196
141,2021-09-21 12:06:48,737,101,117,Братск,254
142,2021-04-24 4:37:33,404,91,3,Черемшанка,95
143,2021-12-11 20:25:47,402,51,107,Шереметьево,49
144,2021-08-19 0:35:05,402,94,15,Бугульма,208
145,2021-05-22 0:45:42,11,80,88,Внуково,116
146,2021-10-08 23:03:43,330,117,68,Йошкар-Ола,218
147,2021-10-25 5:06:58,21,79,3,Храброво,117
148,2021-09-21 3:31:10,220,74,119,Имени Г.С.Титова,242
149,2021-08-10 10:19:53,18,110,108,Ижевск,73
150,2021-08-20 19:33:15,122,71,16,Шереметьево,173
151,2021-10-09 19:03:53,320,37,61,Гумрак,211
152,2021-07-30 3:37:26,300,45,67,Пулково,126
153,2021-08-04 3:56:18,11,27,43,Бегишево,37
154,2021-02-12 7:19:21,757,117,23,Братск,178
155,2021-08-12 5:18:03,310,98,22,Владимир,174
156,2021-02-24 5:15:21,757,46,95,Победилово,175
157,2021-11-10 21:10:18,402,52,75,Толмачево,244
158,2021-03-24 19:29:45,727,36,100,Казань,230
159,2021-03-30 18:27:45,11,106,54,Беслан,205
160,2021-08-02 8:58:08,310,102,119,Грабцево,46
161,2021-09-20 23:13:21,727,94,21,Вологда,232
162,2021-08-03 10:45:02,757,36,118,Толмачево,48
163,2021-11-28 19:13:53,787,52,29,Ярославль,253
164,2021-10-08 3:03:33,220,58,31,Имени Г.С.Титова,207
165,2021-07-19 19:23:27,737,3,109,Бегишево,245
166,2021-08-07 0:41:22,18,107,72,Бугульма,73
167,2021-12-05 0:49:23,757,39,29,Черемшанка,136
168,2021-05-22 18:57:48,300,77,29,Стригино,74
169,2021-06-17 4:43:09,757,12,57,Шереметьево,103
170,2021-11-08 19:09:53,11,19,23,Остафьево,112
171,2021-04-14 15:52:45,220,85,45,Витязево,94
172,2021-07-22 1:59:45,330,16,53,Йошкар-Ола,59
173,2021-11-22 3:12:33,919,24,95,Шереметьево,85
174,2021-09-03 18:42:57,18,20,31,Красноярск,179
175,2021-11-17 3:11:33,300,111,10,Кольцово,162
176,2021-12-09 3:58:43,757,84,12,Чебоксары,253
177,2021-09-16 11:47:56,11,98,39,Ростов-на-Дону,76
178,2021-06-13 18:48:42,18,21,89,Чебоксары,173
179,2021-07-20 13:35:33,11,111,42,Иркутск,43
180,2021-07-31 22:35:36,402,98,99,Владимир,248
181,2021-03-12 21:33:45,787,4,60,Стригино,71
182,2021-04-23 0:01:57,757,54,109,Ярославль,247
183,2021-08-01 20:04:41,404,86,38,Брянск,113
184,2021-04-08 2:36:57,310,75,27,Воркута,174
185,2021-08-25 6:58:40,300,115,75,Владимир,75
186,2021-09-26 8:07:51,402,65,114,Владимир,35
187,2021-12-10 9:43:31,310,1,121,Казань,137
188,2021-05-18 14:51:15,220,121,25,Ростов-на-Дону,146
189,2021-01-16 11:58:21,757,84,106,Витязево,82
190,2021-08-22 5:55:47,727,11,28,Гумрак,97
191,2021-11-10 1:10:08,747,98,4,Черемшанка,84
192,2021-08-09 21:26:26,757,58,65,Братск,42
193,2021-07-29 14:43:59,757,90,48,Йошкар-Ола,84
194,2021-09-16 7:30:07,787,121,48,Ханты-Мансийск,236
195,2021-06-03 3:59:18,300,71,104,Воркута,55
196,2021-12-06 21:26:35,320,58,118,Кневичи,224
197,2021-08-11 3:31:09,18,20,120,Казань,85
198,2021-08-28 8:01:33,787,57,20,Толмачево,137
199,2021-03-08 17:29:09,757,3,24,Ярославль,177
200,2021-06-04 7:17:27,777,6,96,Кольцово,152
201,2021-08-22 14:31:25,777,63,48,Красноярск,143
202,2021-07-09 13:40:06,747,74,110,Вологда,160
203,2021-07-19 10:17:24,777,114,95,Бугульма,76
204,2021-10-31 21:08:18,767,43,35,Казань,156
205,2021-09-01 23:44:47,919,118,68,Кемерово,34
206,2021-07-10 7:52:12,777,12,36,Грабцево,257
207,2021-07-30 20:48:42,220,115,69,Братск,125
208,2021-06-11 3:06:21,767,71,91,Брянск,74
209,2021-07-25 20:29:50,122,19,34,Пулково,123
210,2021-08-27 23:25:55,737,97,26,Стригино,202
211,2021-08-17 1:19:06,300,77,83,Толмачево,67
212,2021-08-22 18:49:14,310,74,50,Братск,94
213,2021-03-31 8:45:33,220,88,9,Казань,123
214,2021-06-12 6:24:30,220,90,99,Челябинск,116
215,2021-04-09 7:12:33,919,69,41,Храброво,248
216,2021-11-06 7:09:23,122,45,56,Имени Г.С.Титова,246
217,2021-08-25 19:52:07,402,74,118,Витязево,127
218,2021-08-08 11:03:54,402,11,43,Кневичи,35
219,2021-09-27 7:01:23,919,84,97,Ростов-на-Дону,133
220,2021-03-29 13:52:09,737,5,109,Восточный,55
221,2021-10-14 9:04:48,18,105,100,Йошкар-Ола,99
222,2021-12-07 17:16:27,737,8,8,Черемшанка,248
223,2021-12-11 10:30:51,404,22,47,Шереметьево,58
224,2021-09-09 12:13:05,11,81,48,Гумрак,161
225,2021-04-15 20:28:21,402,49,115,Восточный,168
226,2021-08-20 23:51:04,300,90,82,Ижевск,224
227,2021-09-11 20:04:42,320,41,120,Волоковая,65
228,2021-10-27 7:07:23,757,107,41,Шереметьево,101
229,2021-06-01 15:35:06,11,110,22,Пенза,53
230,2021-03-15 6:44:57,320,112,78,Брянск,76
231,2021-07-28 8:39:16,727,19,47,Шереметьево,168
232,2021-06-05 1:29:33,18,89,54,Беслан,36
233,2021-08-24 13:47:24,300,13,66,Толмачево,93
234,2021-08-19 4:52:54,300,112,104,Имени Г.С.Титова,243
235,2021-09-30 15:02:03,320,98,2,Казань,206
236,2021-07-05 18:39:36,787,38,32,Ханты-Мансийск,205
237,2021-01-25 10:25:21,122,118,121,Грабцево,185
238,2021-08-28 12:19:22,122,45,93,Кневичи,35
239,2021-09-25 6:20:57,18,86,37,Восточный,80
240,2021-09-06 19:45:50,21,18,9,Братск,256
241,2021-09-04 20:29:51,320,24,65,Ханты-Мансийск,87
242,2021-05-30 18:04:51,767,36,72,Шереметьево,33
243,2021-05-22 9:51:45,404,105,117,Беслан,85
244,2021-10-06 1:03:08,21,104,114,Кольцово,113
245,2021-08-26 21:39:01,919,73,102,Победилово,229
246,2021-04-09 21:30:21,320,18,46,Победилово,175
247,2021-09-18 15:21:44,727,101,119,Тюмень,86
248,2021-01-13 12:29:21,757,71,22,Толмачево,163
249,2021-05-14 1:38:39,787,95,76,Черемшанка,137
250,2021-11-22 23:12:43,320,25,80,Грабцево,74
251,2021-09-10 13:59:59,737,106,118,Толмачево,252
252,2021-08-09 12:50:48,747,21,45,Кневичи,251
253,2021-09-03 1:31:41,727,115,41,Владимир,246
254,2021-02-17 15:59:33,402,9,30,Красноярск,74
255,2021-09-03 14:25:08,11,9,96,Воркута,235
256,2021-09-17 13:34:50,747,75,40,Беслан,105
257,2021-01-06 8:55:45,220,20,67,Брянск,250
258,2021-11-02 23:08:43,11,74,59,Пулково,222
259,2021-10-19 9:05:48,787,76,15,Бугульма,163
260,2021-11-15 1:11:08,310,107,111,Стригино,240
261,2021-06-19 2:13:24,320,105,7,Беслан,183
262,2021-06-26 7:08:21,787,65,105,Шереметьево,225
263,2021-11-15 11:11:13,747,97,80,Ханты-Мансийск,169
264,2021-12-15 8:42:43,919,56,60,Пенза,54
265,2021-05-03 3:04:33,727,23,103,Шереметьево,147
266,2021-10-17 17:05:28,220,80,75,Волоковая,79
267,2021-03-17 15:56:09,787,34,25,Остафьево,158
268,2021-08-29 5:30:38,787,50,109,Восточный,38
269,2021-11-30 21:14:18,220,79,75,Воркута,232
270,2021-09-05 5:05:29,310,32,10,Шереметьево,123
271,2021-12-14 7:55:23,320,108,102,Владимир,120
272,2021-12-03 9:09:39,21,68,65,Чертовицкое,170
273,2021-10-18 13:05:38,727,95,92,Домодедово,125
274,2021-02-02 18:34:33,11,70,68,Братск,121
275,2021-04-27 4:06:33,787,4,60,Беслан,257
276,2021-06-03 22:11:24,11,114,65,Шереметьево,152
277,2021-11-07 13:09:38,787,37,100,Волоковая,203
278,2021-09-22 22:29:20,310,108,81,Имени Г.С.Титова,105
279,2021-08-23 20:36:08,300,48,37,Кневичи,224
280,2021-05-25 1:34:06,402,46,106,Кольцово,142
281,2021-10-03 23:02:43,402,32,63,Йошкар-Ола,93
282,2021-01-05 4:20:09,21,119,111,Тюмень,149
283,2021-09-02 16:56:03,757,61,113,Чебоксары,93
284,2021-07-02 17:51:12,402,116,109,Вологда,177
285,2021-11-09 5:09:58,320,66,29,Кневичи,39
286,2021-08-13 2:47:08,727,112,31,Остафьево,36
287,2021-05-21 6:33:36,767,57,79,Победилово,128
288,2021-11-01 7:08:23,747,3,27,Чебоксары,72
289,2021-08-17 22:48:11,21,30,20,Черемшанка,184
290,2021-08-23 3:24:52,737,19,104,Внуково,49
291,2021-11-27 3:13:33,757,106,35,Восточный,47
292,2021-07-29 6:08:21,310,6,74,Внуково,134
293,2021-10-14 19:04:53,11,13,48,Кемерово,252
294,2021-09-05 22:16:45,402,42,52,Чебоксары,177
295,2021-08-09 4:15:10,757,37,89,Восточный,224
296,2021-05-05 12:15:45,404,43,44,Ханты-Мансийск,74
297,2021-04-12 6:41:33,18,18,79,Домодедово,64
298,2021-07-25 11:54:12,787,82,34,Толмачево,212
299,2021-07-27 6:52:22,122,34,34,Уфа,115
300,2021-09-19 8:33:00,320,116,93,Храброво,118
301,2021-08-14 17:27:29,11,110,48,Чебоксары,245
302,2021-09-30 5:01:58,310,105,100,Иркутск,171
303,2021-11-21 17:12:28,777,38,82,Чертовицкое,53
304,2021-03-18 20:31:45,310,87,22,Братск,111
305,2021-01-12 7:53:45,404,99,85,Толмачево,212
306,2021-08-19 22:04:10,21,47,21,Ижевск,158
307,2021-03-23 0:36:21,330,121,65,Вологда,69
308,2021-03-20 15:25:09,787,91,120,Беслан,155
309,2021-06-16 19:37:06,21,12,111,Красноярск,174
310,2021-02-03 23:10:09,220,42,64,Беслан,237
311,2021-12-02 13:14:38,402,77,94,Бугульма,65
312,2021-11-09 15:10:03,11,77,70,Грабцево,64
313,2021-11-05 11:09:13,767,74,112,Вологда,159
314,2021-01-02 4:51:09,21,103,17,Казань,70
315,2021-09-12 13:15:58,404,45,118,Красноярск,42
316,2021-08-26 0:09:56,787,17,105,Беслан,163
317,2021-08-18 20:17:16,737,40,80,Внуково,134
318,2021-08-12 9:35:52,767,40,22,Шереметьево,159
319,2021-07-27 2:34:33,777,62,57,Шереметьево,133
320,2021-11-20 11:12:13,777,112,116,Пулково,94
321,2021-10-20 5:05:58,404,1,121,Домодедово,239
322,2021-04-10 11:48:09,727,66,4,Братск,41
323,2021-09-14 12:31:57,919,83,19,Брянск,240
324,2021-04-21 5:08:33,402,112,1,Шереметьево,227
325,2021-08-30 11:35:21,747,42,90,Тюмень,194
326,2021-05-27 8:10:24,747,44,65,Пенза,57
327,2021-08-16 8:07:50,402,53,63,Владимир,227
328,2021-09-25 23:32:13,404,4,36,Витязево,46
329,2021-01-05 18:37:57,404,80,113,Шереметьево,122
330,2021-09-15 22:54:29,310,58,18,Бугульма,52
331,2021-09-22 9:35:53,747,26,55,Красноярск,155
332,2021-11-24 15:13:03,737,122,60,Шереметьево,83
333,2021-01-01 0:15:33,404,10,87,Пенза,125
334,2021-12-06 6:34:11,122,72,45,Остафьево,222
335,2021-09-25 19:14:24,122,105,109,Пенза,124
336,2021-06-20 14:37:36,330,101,23,Бугульма,96
337,2021-12-11 15:28:19,757,33,98,Владимир,150
338,2021-07-20 4:29:30,330,13,53,Ярославль,122
339,2021-05-20 21:27:33,320,38,6,Стригино,165
340,2021-07-30 12:13:04,787,106,64,Пулково,134
341,2021-09-29 9:01:48,747,97,9,Уфа,221
342,2021-07-27 15:28:00,18,2,1,Красноярск,39
343,2021-12-16 9:30:03,330,2,16,Толмачево,83
344,2021-07-16 0:22:57,787,106,23,Тюмень,155
345,2021-08-03 6:27:13,777,111,50,Стригино,188
346,2021-09-18 2:28:17,919,73,83,Ижевск,125
347,2021-10-01 11:02:13,404,22,50,Тюмень,126
348,2021-02-23 0:39:45,11,19,59,Красноярск,101
349,2021-01-29 0:12:09,767,86,65,Бегишево,125
350,2021-08-15 19:14:23,310,18,112,Казань,180
351,2021-01-11 3:18:09,310,9,17,Гумрак,140
352,2021-09-02 8:20:25,757,104,49,Братск,116
353,2021-06-24 0:32:03,11,68,80,Волоковая,104
354,2021-04-21 19:26:21,787,105,84,Ижевск,207
355,2021-09-18 23:57:22,919,89,64,Грабцево,224
356,2021-03-11 2:40:21,21,90,97,Восточный,220
357,2021-09-08 19:01:49,767,60,42,Красноярск,109
358,2021-01-26 15:00:57,727,7,3,Домодедово,66
359,2021-08-13 19:58:24,320,81,85,Пулково,59
360,2021-11-04 15:09:03,767,17,25,Йошкар-Ола,147
361,2021-01-23 1:14:09,404,1,103,Кемерово,91
362,2021-05-24 7:22:00,122,118,90,Уфа,46
363,2021-12-08 3:11:23,320,86,116,Беслан,146
364,2021-09-10 22:35:37,122,67,15,Тюмень,52
365,2021-11-30 11:14:13,21,49,68,Восточный,258
366,2021-09-20 14:37:43,11,8,94,Тюмень,94
367,2021-01-14 2:47:09,310,72,10,Уфа,207
368,2021-08-07 4:59:11,727,20,63,Грабцево,83
369,2021-08-06 11:47:55,767,45,2,Кольцово,78
370,2021-12-04 9:56:59,330,89,3,Шереметьево,256
371,2021-08-17 18:30:22,18,103,98,Кемерово,160
372,2021-02-19 10:52:57,777,2,119,Челябинск,194
373,2021-09-13 2:09:25,747,102,106,Йошкар-Ола,84
374,2021-08-25 15:34:18,300,72,10,Уфа,56
375,2021-08-24 18:05:13,310,20,84,Восточный,71
376,2021-09-07 21:32:44,320,32,117,Бегишево,141
377,2021-03-24 5:11:57,320,104,117,Стригино,189
378,2021-03-21 20:00:45,300,84,95,Ростов-на-Дону,231
379,2021-05-26 23:04:21,919,117,112,Черемшанка,45
380,2021-08-31 17:40:04,727,106,89,Тюмень,228
381,2021-09-22 18:11:31,330,96,59,Ханты-Мансийск,233
382,2021-12-15 13:40:11,402,97,87,Ярославль,193
383,2021-02-05 18:03:33,300,62,56,Чертовицкое,218
384,2021-12-03 4:12:11,777,37,103,Шереметьево,117
385,2021-06-22 21:13:54,767,77,86,Кемерово,228
386,2021-11-27 13:13:38,919,96,35,Бегишево,129
387,2021-06-09 14:42:09,18,120,113,Имени Г.С.Титова,239
388,2021-07-28 0:03:38,220,70,63,Внуково,131
389,2021-11-19 15:12:03,402,47,33,Владимир,103
390,2021-07-24 17:42:06,11,23,88,Красноярск,63
391,2021-06-15 16:18:57,777,94,64,Чебоксары,243
392,2021-09-28 23:01:43,767,3,106,Черемшанка,76
393,2021-01-21 20:38:33,919,103,68,Ижевск,69
394,2021-07-14 11:58:45,757,37,121,Тюмень,57
395,2021-12-05 20:39:15,320,66,3,Брянск,153
396,2021-08-20 10:57:37,402,99,72,Бугульма,186
397,2021-08-20 15:15:26,777,51,115,Пенза,177
398,2021-07-19 1:11:21,18,22,109,Челябинск,166
399,2021-04-14 1:34:57,919,16,51,Тюмень,191
400,2021-08-13 7:04:57,11,8,108,Черемшанка,236
401,2021-07-12 5:22:27,320,12,109,Кольцово,141
402,2021-01-22 10:56:21,300,5,46,Иркутск,200
403,2021-10-21 11:06:13,727,61,75,Тюмень,141
404,2021-07-24 8:36:03,402,84,14,Воркута,158
405,2021-09-21 7:48:59,330,86,22,Чебоксары,44
406,2021-07-12 14:28:30,787,43,66,Братск,51
407,2021-03-17 1:38:21,787,119,85,Казань,158
408,2021-12-04 0:02:03,747,10,33,Домодедово,40
409,2021-09-03 23:00:46,737,121,45,Победилово,176
410,2021-12-01 17:14:28,777,96,54,Гумрак,35
411,2021-06-28 4:38:36,757,73,13,Брянск,170
412,2021-12-14 17:50:19,787,66,60,Шереметьево,137
413,2021-12-06 1:36:43,919,69,102,Гумрак,116
414,2021-06-07 17:11:54,18,116,109,Чертовицкое,226
415,2021-09-07 4:21:28,310,78,105,Имени Г.С.Титова,242
416,2021-10-13 13:04:38,747,40,63,Уфа,81
417,2021-12-07 22:13:55,310,76,35,Шереметьево,42
418,2021-08-15 10:38:45,737,45,97,Братск,36
419,2021-02-27 4:44:21,919,11,72,Победилово,205
420,2021-04-11 2:05:57,122,75,72,Тюмень,75
421,2021-05-12 22:20:30,330,97,87,Остафьево,190
422,2021-11-04 5:08:58,220,91,117,Черемшанка,116
423,2021-05-21 15:39:39,300,81,116,Шереметьево,163
424,2021-08-10 1:44:15,122,87,34,Братск,215
425,2021-07-01 23:39:06,787,2,22,Бугульма,247
426,2021-09-21 20:42:26,402,10,90,Домодедово,64
427,2021-05-18 5:45:12,404,118,17,Вологда,214
428,2021-01-23 15:31:57,300,114,73,Волоковая,74
429,2021-03-26 14:23:09,18,110,70,Братск,233
430,2021-10-06 21:03:18,402,48,97,Казань,191
431,2021-09-04 16:12:02,757,42,14,Тюмень,191
432,2021-09-11 15:46:53,300,31,122,Домодедово,132
433,2021-07-10 16:58:15,18,108,113,Ижевск,208
434,2021-10-01 21:02:18,767,20,115,Пенза,209
435,2021-07-09 4:34:03,787,41,110,Кемерово,172
436,2021-09-19 17:08:38,18,17,36,Грабцево,159
437,2021-07-13 17:46:39,310,66,26,Бегишево,61
438,2021-08-19 17:46:21,404,102,31,Братск,156
439,2021-07-02 8:45:09,11,16,13,Волоковая,79
440,2021-07-03 12:03:18,11,21,80,Витязево,112
441,2021-11-08 9:09:48,787,35,113,Ханты-Мансийск,80
442,2021-06-25 12:56:15,21,66,63,Братск,205
443,2021-09-02 12:38:14,919,98,51,Имени Г.С.Титова,111
444,2021-07-31 9:42:09,747,15,1,Шереметьево,123
445,2021-06-29 7:56:45,787,44,113,Братск,229
446,2021-08-29 18:24:05,787,62,107,Домодедово,99
447,2021-09-12 8:58:09,747,10,57,Черемшанка,241
448,2021-01-27 19:36:33,11,52,53,Кневичи,231
449,2021-06-13 0:36:36,747,1,18,Храброво,81
450,2021-08-11 7:48:58,767,25,66,Пулково,135
451,2021-04-08 16:54:45,18,8,75,Кневичи,55
452,2021-11-07 3:09:33,777,87,62,Витязево,84
453,2021-10-18 23:05:43,919,86,87,Бегишево,245
454,2021-07-27 19:45:49,727,33,56,Витязево,211
455,2021-08-07 22:10:27,404,56,110,Челябинск,187
456,2021-11-20 1:12:08,122,17,41,Ростов-на-Дону,137
457,2021-08-16 16:43:28,330,96,16,Шереметьево,57
458,2021-05-20 12:21:30,404,97,54,Кемерово,240
459,2021-09-05 0:47:40,330,19,59,Кемерово,185
460,2021-08-31 4:46:37,122,96,73,Остафьево,214
461,2021-02-24 19:33:09,18,109,100,Ханты-Мансийск,148
462,2021-01-12 22:11:33,300,40,40,Пулково,204
463,2021-04-29 13:17:45,220,26,1,Ижевск,143
464,2021-05-04 21:57:57,402,40,119,Победилово,40
465,2021-10-24 19:06:53,777,76,20,Пулково,105
466,2021-10-22 17:06:28,919,30,91,Бугульма,176
467,2021-06-19 20:25:30,21,102,64,Бугульма,93
468,2021-07-29 23:19:37,787,65,35,Чертовицкое,155
469,2021-09-06 2:34:34,747,3,92,Имени Г.С.Титова,97
470,2021-02-22 10:21:57,122,85,66,Домодедово,34
471,2021-04-20 14:50:45,330,95,57,Волоковая,77
472,2021-04-13 11:17:09,402,110,10,Тюмень,182
473,2021-03-21 5:42:57,757,108,35,Беслан,156
474,2021-06-24 18:44:09,787,81,8,Вологда,168
475,2021-12-07 2:24:03,11,17,27,Волоковая,56
476,2021-08-23 12:00:30,727,88,67,Шереметьево,83
477,2021-08-08 2:28:16,11,61,85,Шереметьево,64
478,2021-12-04 19:51:55,330,95,56,Пулково,242
479,2021-10-31 1:08:08,330,88,39,Ярославль,134
480,2021-08-22 23:07:03,310,92,60,Внуково,202
481,2021-02-14 16:30:33,757,108,101,Вологда,99
482,2021-12-15 23:35:07,757,93,52,Шереметьево,222
483,2021-08-24 5:11:46,300,30,40,Пенза,122
484,2021-10-16 1:05:08,11,26,42,Внуково,216
485,2021-08-06 3:12:17,737,95,114,Шереметьево,243
486,2021-07-30 7:55:15,300,38,42,Грабцево,230
487,2021-06-10 8:54:15,122,103,105,Ижевск,221
488,2021-05-16 8:14:57,21,72,85,Волоковая,102
489,2021-01-15 21:40:33,320,25,74,Челябинск,74
490,2021-07-14 21:04:48,767,54,20,Беслан,178
491,2021-09-15 1:25:24,404,115,84,Храброво,82
492,2021-07-04 6:15:24,320,19,20,Бегишево,157
493,2021-11-13 9:10:48,402,2,108,Витязево,115
494,2021-07-17 12:47:09,220,75,8,Йошкар-Ола,120
495,2021-09-24 13:09:41,300,118,58,Внуково,124
496,2021-09-27 17:01:28,122,71,7,Владимир,238
497,2021-10-01 1:02:08,310,105,2,Грабцево,129
498,2021-09-24 17:27:30,220,56,17,Шереметьево,56
499,2021-09-08 23:19:38,767,55,91,Остафьево,54
500,2021-11-02 13:08:38,919,50,48,Брянск,179
501,2021-05-10 6:38:09,220,62,82,Тюмень,44
502,2021-06-26 16:14:24,21,103,111,Челябинск,137
503,2021-03-12 7:15:57,220,64,21,Ростов-на-Дону,56
504,2021-11-26 17:13:28,767,20,53,Ижевск,149
505,2021-06-02 18:53:15,330,21,80,Владимир,100
506,2021-05-28 11:28:33,11,23,116,Пенза,188
507,2021-10-05 15:03:03,320,54,19,Бегишево,122
508,2021-09-10 9:42:10,404,44,43,Чебоксары,71
509,2021-06-21 17:55:45,122,34,56,Шереметьево,70
510,2021-02-08 3:14:45,18,117,31,Кемерово,87
511,2021-12-03 14:07:07,402,62,110,Остафьево,199
512,2021-09-08 1:50:33,737,60,96,Пулково,79
513,2021-10-15 15:05:03,310,106,19,Кемерово,174
514,2021-08-03 2:09:24,787,118,35,Уфа,253
515,2021-04-28 22:59:57,404,51,6,Витязево,234
516,2021-07-29 1:50:32,330,2,60,Иркутск,45
517,2021-07-28 21:32:43,11,19,104,Беслан,100
518,2021-02-25 9:50:57,122,31,60,Челябинск,221
519,2021-08-31 9:04:26,402,76,89,Беслан,141
520,2021-01-03 23:44:33,310,52,114,Ижевск,131
521,2021-09-25 14:56:35,21,96,49,Ижевск,153
522,2021-02-05 3:45:45,21,58,95,Шереметьево,217
523,2021-05-31 12:16:57,402,97,100,Гумрак,36
524,2021-09-13 6:27:14,18,6,57,Имени Г.С.Титова,99
525,2021-02-15 6:48:21,320,4,25,Уфа,147
526,2021-09-01 15:09:09,18,112,48,Иркутск,77
527,2021-07-13 8:40:36,777,65,67,Храброво,62
528,2021-09-07 0:03:39,21,122,72,Гумрак,151
529,2021-11-23 9:12:48,787,34,47,Ярославль,33
530,2021-05-13 16:32:36,767,28,109,Ханты-Мансийск,130
531,2021-08-12 22:29:19,767,52,75,Ижевск,193
532,2021-02-06 8:21:21,727,41,105,Толмачево,191
533,2021-08-05 14:18:50,747,48,78,Чебоксары,158
534,2021-06-27 10:26:30,11,105,121,Ижевск,78
535,2021-09-20 10:19:54,330,72,108,Волоковая,152
536,2021-05-15 14:02:51,404,94,41,Шереметьево,107
537,2021-07-09 22:46:09,21,4,20,Воркута,257
538,2021-07-08 1:15:54,757,6,84,Черемшанка,113
539,2021-06-30 11:14:54,320,51,93,Домодедово,228
540,2021-09-28 3:01:33,777,119,93,Иркутск,217
541,2021-07-23 23:30:00,404,19,120,Грабцево,239
542,2021-01-29 14:29:57,11,96,64,Гумрак,122
543,2021-05-25 19:46:12,747,57,111,Имени Г.С.Титова,236
544,2021-08-02 0:22:30,122,61,26,Чертовицкое,122
545,2021-09-14 21:07:35,919,19,111,Витязево,61
546,2021-12-09 18:51:07,310,13,74,Шереметьево,67
547,2021-06-23 6:19:57,402,36,111,Пенза,212
548,2021-12-05 10:44:19,21,103,82,Иркутск,237
549,2021-08-31 21:57:53,787,50,13,Чебоксары,253
550,2021-06-15 7:12:54,919,33,9,Остафьево,46
551,2021-11-22 13:12:38,300,69,106,Храброво,45
552,2021-08-03 23:38:29,220,6,117,Восточный,37
553,2021-07-26 9:23:17,310,55,112,Кневичи,87
554,2021-02-12 21:37:09,11,121,57,Воркута,99
555,2021-07-12 23:34:33,122,11,72,Брянск,75
556,2021-08-09 17:08:37,777,46,19,Казань,45
557,2021-01-26 0:43:09,737,84,26,Домодедово,159
558,2021-02-28 23:37:45,122,37,111,Шереметьево,150
559,2021-05-07 7:09:09,330,14,42,Волоковая,172
560,2021-12-04 14:54:27,404,67,26,Витязево,36
561,2021-05-29 14:46:42,737,51,116,Победилово,108
562,2021-08-18 11:41:38,727,87,49,Ярославль,195
563,2021-09-12 21:51:36,404,103,52,Кольцово,154
564,2021-06-27 1:20:27,747,106,51,Внуково,220
565,2021-06-30 2:08:51,11,94,18,Остафьево,195
566,2021-08-22 10:13:36,737,73,86,Казань,232
567,2021-10-26 1:07:08,402,38,29,Тюмень,219
568,2021-10-11 11:04:13,747,5,17,Братск,61
569,2021-12-07 12:18:59,757,51,66,Толмачево,168
570,2021-11-25 21:13:18,402,101,66,Стригино,224
571,2021-08-27 10:32:28,122,58,37,Иркутск,244
572,2021-04-20 0:32:57,727,79,87,Брянск,35
573,2021-08-26 13:03:23,767,21,98,Храброво,104
574,2021-03-09 22:04:45,402,65,14,Братск,178
575,2021-11-05 21:09:18,402,119,33,Йошкар-Ола,151
576,2021-06-30 20:20:57,11,28,33,Иркутск,114
577,2021-09-07 8:39:17,757,106,104,Вологда,189
578,2021-06-09 23:48:12,737,111,47,Кольцово,72
579,2021-02-13 11:54:57,220,18,12,Домодедово,205
580,2021-08-25 2:40:51,919,107,16,Кневичи,117
581,2021-06-08 2:17:57,310,103,13,Кемерово,252
582,2021-10-27 17:07:28,727,74,48,Волоковая,213
583,2021-01-28 9:54:21,122,61,51,Брянск,110
584,2021-07-31 18:17:47,767,17,77,Кольцово,188
585,2021-10-28 3:07:33,737,74,51,Волоковая,115
586,2021-12-05 5:46:51,310,12,49,Ростов-на-Дону,184
587,2021-08-15 2:03:07,737,73,105,Ижевск,187
588,2021-10-09 9:03:48,787,96,43,Вологда,155
589,2021-09-23 11:22:47,747,92,23,Ханты-Мансийск,105
590,2021-12-14 12:52:51,310,97,7,Стригино,125
591,2021-10-07 7:03:23,300,16,79,Тюмень,96
592,2021-04-05 3:07:57,11,87,40,Вологда,236
593,2021-07-21 16:53:42,757,81,101,Брянск,51
594,2021-05-08 11:44:45,11,66,38,Волоковая,155
595,2021-08-17 14:12:33,310,113,73,Бугульма,237
596,2021-09-18 6:46:06,727,88,26,Кольцово,100
597,2021-08-21 12:44:31,11,33,91,Пенза,184
598,2021-03-05 18:00:09,122,11,92,Храброво,217
599,2021-07-08 19:28:00,11,103,96,Ярославль,62
600,2021-12-12 11:18:11,11,75,23,Казань,159
601,2021-11-28 9:13:48,122,12,121,Стригино,114
602,2021-09-05 17:58:56,320,103,106,Казань,86
603,2021-09-08 14:44:00,402,109,113,Черемшанка,194
604,2021-08-05 18:36:39,11,14,42,Волоковая,38
605,2021-12-14 2:57:55,18,80,94,Пенза,147
606,2021-08-20 6:39:48,18,23,92,Остафьево,238
607,2021-06-23 15:26:00,737,34,44,Ярославль,138
608,2021-07-03 21:09:21,122,107,22,Шереметьево,110
609,2021-07-06 21:57:45,747,86,108,Уфа,222
610,2021-09-20 18:55:32,737,109,38,Толмачево,177
611,2021-09-26 3:50:02,330,94,29,Ханты-Мансийск,176
612,2021-09-01 2:15:42,727,58,20,Челябинск,38
613,2021-08-08 23:57:21,122,120,113,Шереметьево,137
614,2021-08-21 4:08:53,767,16,114,Храброво,49
615,2021-02-08 17:32:33,18,77,109,Челябинск,62
616,2021-05-03 17:22:21,402,10,82,Кневичи,74
617,2021-05-10 15:44:12,11,80,76,Иркутск,114
618,2021-01-03 9:26:45,777,77,96,Тюмень,219
619,2021-04-24 18:55:21,21,22,44,Братск,215
620,2021-08-29 9:48:27,122,97,118,Домодедово,248
621,2021-09-13 10:45:03,919,44,60,Шереметьево,177
622,2021-08-30 2:59:43,21,26,120,Шереметьево,233
623,2021-12-12 6:20:43,767,43,103,Тюмень,133
624,2021-02-09 7:50:21,220,28,98,Шереметьево,39
625,2021-05-15 23:08:54,757,56,42,Стригино,164
626,2021-12-12 16:15:39,767,96,28,Кемерово,234
627,2021-03-02 18:31:09,320,69,79,Иркутск,123
628,2021-02-09 22:08:09,727,24,107,Уфа,179
629,2021-09-17 0:41:23,310,30,69,Пулково,132
630,2021-01-20 16:02:57,320,84,31,Гумрак,158
631,2021-07-31 13:59:58,320,11,26,Остафьево,169
632,2021-09-08 6:08:22,220,68,45,Беслан,70
633,2021-10-22 7:06:23,787,89,49,Победилово,232
634,2021-02-16 11:23:57,747,53,88,Восточный,187
635,2021-09-08 10:26:11,737,18,115,Пенза,68
636,2021-05-01 8:11:09,747,66,119,Беслан,258
637,2021-03-11 16:58:09,767,21,104,Пенза,105
638,2021-09-26 12:25:40,757,112,68,Победилово,186
639,2021-09-24 0:16:14,18,32,73,Владимир,247
640,2021-06-25 22:02:18,727,94,23,Волоковая,111
641,2021-12-09 8:56:11,330,88,68,Стригино,167
642,2021-05-12 13:14:27,11,120,24,Восточный,136
643,2021-03-16 11:20:33,310,77,9,Ижевск,121
644,2021-09-07 12:57:06,220,37,103,Гумрак,189
645,2021-05-31 3:10:54,787,38,49,Витязево,47
646,2021-09-01 10:51:20,300,3,86,Бегишево,236
647,2021-10-30 15:08:03,404,15,2,Воркута,52
648,2021-07-11 20:16:24,727,86,100,Чертовицкое,82
649,2021-02-21 20:04:09,757,71,48,Бегишево,218
650,2021-06-20 5:31:33,747,7,122,Бегишево,214
651,2021-01-31 9:23:21,330,102,84,Красноярск,37
652,2021-08-28 16:37:11,767,22,32,Ростов-на-Дону,38
653,2021-07-26 22:16:44,787,67,120,Кневичи,148
654,2021-10-31 11:08:13,320,27,83,Братск,133
655,2021-10-25 15:07:03,777,33,3,Челябинск,41
656,2021-03-23 14:54:09,767,24,112,Шереметьево,209
657,2021-05-23 13:09:54,310,94,23,Храброво,112
658,2021-04-25 9:13:09,767,24,99,Ярославль,103
659,2021-02-10 12:25:57,727,19,63,Уфа,135
660,2021-08-15 23:32:12,21,109,112,Толмачево,36
661,2021-08-10 14:37:42,310,10,1,Шереметьево,230
662,2021-02-07 12:56:57,122,53,89,Имени Г.С.Титова,185
663,2021-09-25 10:38:46,767,113,96,Кольцово,242
664,2021-11-14 5:10:58,300,86,104,Черемшанка,233
665,2021-04-22 9:44:09,310,15,83,Чебоксары,139
666,2021-07-01 5:27:00,737,58,87,Волоковая,232
667,2021-05-17 11:33:06,11,68,62,Шереметьево,142
668,2021-08-25 11:16:29,404,54,33,Кемерово,162
669,2021-04-07 12:19:09,777,87,28,Тюмень,36
670,2021-06-05 10:35:36,220,90,93,Чебоксары,63
671,2021-07-22 20:11:51,787,56,14,Остафьево,221
672,2021-03-10 12:22:33,767,7,22,Ростов-на-Дону,256
673,2021-09-02 21:13:52,18,59,92,Тюмень,179
674,2021-03-04 13:24:33,402,47,72,Шереметьево,181
675,2021-04-17 1:03:57,11,38,47,Храброво,120
676,2021-07-04 15:21:27,747,77,1,Тюмень,140
677,2021-11-02 3:08:33,122,37,67,Шереметьево,121
678,2021-11-03 19:08:53,330,103,96,Домодедово,190
679,2021-02-11 2:43:45,777,116,93,Шереметьево,227
680,2021-03-25 9:47:33,310,32,22,Йошкар-Ола,179
681,2021-09-01 19:26:58,402,110,105,Брянск,123
682,2021-10-23 23:06:43,11,77,17,Пулково,232
683,2021-03-14 16:27:09,330,109,61,Кольцово,250
684,2021-08-05 22:54:28,220,68,79,Стригино,101
685,2021-03-27 4:40:57,747,13,89,Кневичи,138
686,2021-08-30 15:53:10,220,85,46,Пенза,209
687,2021-04-19 10:15:09,404,98,49,Воркута,153
688,2021-12-13 22:00:27,767,34,73,Ростов-на-Дону,150
689,2021-09-29 19:01:53,777,102,85,Вологда,224
690,2021-01-21 6:20:45,11,84,2,Чебоксары,100
691,2021-08-01 11:29:03,11,78,13,Витязево,80
692,2021-12-02 23:14:43,320,76,37,Ростов-на-Дону,204
693,2021-05-06 2:33:33,330,108,101,Победилово,216
694,2021-11-17 13:11:38,402,88,33,Храброво,225
695,2021-05-19 18:09:24,320,85,4,Гумрак,53
696,2021-06-02 0:41:09,220,32,16,Внуково,219
697,2021-08-26 17:21:12,404,96,55,Остафьево,191
698,2021-08-08 15:21:43,18,25,11,Казань,209
699,2021-08-04 21:07:34,747,12,53,Красноярск,220
700,2021-07-16 9:29:00,404,3,79,Ханты-Мансийск,226
701,2021-08-10 23:13:20,402,15,69,Домодедово,97
702,2021-01-18 6:51:45,747,60,88,Братск,147
703,2021-08-12 1:00:14,787,44,103,Воркута,88
704,2021-05-16 17:21:00,737,70,58,Внуково,158
705,2021-06-04 16:23:30,11,46,83,Кемерово,201
706,2021-11-20 21:12:18,777,80,92,Чертовицкое,116
707,2021-10-26 11:07:13,777,22,18,Победилово,217
708,2021-04-06 7:43:33,11,104,60,Победилово,249
709,2021-08-23 7:42:41,919,82,15,Грабцево,229
710,2021-08-03 19:20:40,220,97,19,Чертовицкое,251
711,2021-09-17 17:52:39,310,116,87,Казань,145
712,2021-07-26 13:41:06,404,73,116,Пулково,221
713,2021-06-29 17:02:48,320,98,77,Воркута,47
714,2021-02-02 4:16:45,747,101,84,Братск,241
715,2021-03-03 8:48:57,220,65,4,Восточный,202
716,2021-07-23 14:23:57,402,36,89,Кольцово,196
717,2021-08-20 2:21:59,404,77,109,Внуково,68
718,2021-11-26 7:13:23,404,32,18,Бугульма,217
719,2021-03-09 7:46:57,330,14,113,Чебоксары,62
720,2021-08-19 13:28:32,404,32,104,Храброво,97
721,2021-03-15 21:02:45,787,12,59,Тюмень,149
722,2021-10-03 13:02:38,919,8,79,Казань,250
723,2021-08-15 14:56:34,220,97,10,Ханты-Мансийск,168
724,2021-03-08 3:11:21,18,72,46,Чертовицкое,104
725,2021-02-18 20:35:09,122,43,34,Домодедово,149
726,2021-03-06 8:17:57,757,20,122,Красноярск,70
727,2021-08-10 6:02:04,21,102,88,Кневичи,112
728,2021-04-26 13:48:45,402,75,34,Пенза,93
729,2021-08-03 15:02:51,220,85,115,Йошкар-Ола,92
730,2021-02-20 15:28:33,402,31,11,Кневичи,156
731,2021-09-13 19:20:41,727,70,39,Тюмень,71
732,2021-07-07 16:09:51,404,74,117,Кневичи,156
733,2021-07-26 5:05:28,11,100,72,Домодедово,138
734,2021-05-18 23:57:18,727,7,26,Шереметьево,190
735,2021-09-17 22:10:28,747,106,89,Шереметьево,108
736,2021-11-12 13:10:38,18,122,116,Шереметьево,107
737,2021-12-08 18:03:47,402,28,8,Черемшанка,107
738,2021-08-26 4:27:45,220,10,92,Гумрак,67
739,2021-07-06 3:45:39,18,38,119,Йошкар-Ола,134
740,2021-05-06 16:51:21,404,42,77,Ижевск,193
741,2021-12-13 7:08:03,220,105,66,Пулково,207
742,2021-01-14 17:04:57,320,24,90,Кольцово,91
743,2021-11-06 17:09:28,787,25,74,Брянск,46
744,2021-04-02 3:38:57,300,83,27,Чертовицкое,99
745,2021-01-09 8:24:45,737,71,41,Тюмень,145
746,2021-12-10 14:40:59,737,1,67,Братск,247
747,2021-08-02 13:15:57,330,62,101,Восточный,147
748,2021-07-20 22:41:36,402,77,74,Стригино,116
749,2021-09-11 2:53:26,737,102,117,Йошкар-Ола,87
750,2021-06-02 9:47:12,330,15,100,Ханты-Мансийск,240
751,2021-03-20 1:07:21,787,100,23,Брянск,81
752,2021-05-30 8:58:48,919,103,59,Кольцово,203
753,2021-08-02 21:51:35,11,59,32,Шереметьево,40
754,2021-06-16 10:31:03,320,122,20,Шереметьево,242
755,2021-11-21 7:12:23,18,97,110,Иркутск,195
756,2021-06-18 8:01:18,404,102,111,Вологда,103
757,2021-04-03 8:14:33,122,106,85,Остафьево,112
758,2021-10-23 13:06:38,11,91,90,Шереметьево,182
759,2021-07-03 2:57:15,767,113,3,Беслан,152
760,2021-06-16 1:25:00,18,55,59,Красноярск,242
761,2021-09-22 13:53:42,402,44,17,Кневичи,43
762,2021-09-12 4:40:20,18,115,66,Пенза,209
763,2021-09-13 23:38:30,330,114,107,Шереметьево,140
764,2021-01-06 23:13:33,220,50,56,Пулково,117
765,2021-08-08 6:46:05,220,87,110,Гумрак,47
766,2021-05-28 2:22:30,310,91,107,Уфа,71
767,2021-12-10 4:46:03,747,19,34,Ханты-Мансийск,118
768,2021-09-23 7:04:58,330,35,40,Победилово,71
769,2021-04-28 8:42:09,122,20,78,Кемерово,135
770,2021-03-07 12:53:33,402,34,114,Ярославль,143
771,2021-02-11 17:01:33,122,83,92,Имени Г.С.Титова,167
772,2021-09-22 1:00:15,21,60,1,Братск,256
773,2021-09-09 7:55:16,404,97,120,Иркутск,151
774,2021-11-29 5:13:58,11,34,91,Ханты-Мансийск,105
775,2021-07-18 16:05:18,404,68,22,Тюмень,144
776,2021-10-18 3:05:33,21,30,25,Кемерово,163
777,2021-06-06 4:47:42,737,33,51,Внуково,226
778,2021-09-09 20:48:43,330,40,24,Вологда,33
779,2021-03-13 11:51:33,404,16,84,Тюмень,64
780,2021-09-15 14:18:51,21,1,54,Кемерово,154
781,2021-04-16 10:46:09,310,14,18,Храброво,145
782,2021-12-02 3:14:33,122,20,7,Гумрак,126
783,2021-08-24 9:29:35,21,44,65,Казань,40
784,2021-06-17 22:55:15,300,78,7,Иркутск,129
785,2021-06-06 22:59:48,404,99,117,Красноярск,222
786,2021-06-28 22:50:42,777,32,85,Брянск,141
787,2021-12-13 12:05:31,757,2,16,Чертовицкое,122
788,2021-08-24 0:53:57,11,113,62,Братск,235
789,2021-08-14 13:09:40,404,111,26,Бугульма,192
790,2021-01-24 5:49:45,122,25,121,Ростов-на-Дону,69
791,2021-01-02 19:08:57,767,100,1,Черемшанка,142
792,2021-12-16 4:32:35,18,10,99,Гумрак,141
793,2021-06-11 12:12:24,777,10,26,Братск,134
794,2021-02-03 8:52:21,747,100,88,Красноярск,255
795,2021-09-26 21:01:18,402,113,71,Восточный,57
796,2021-08-04 8:14:07,18,64,112,Братск,208
797,2021-10-13 3:04:33,402,48,1,Казань,138
798,2021-11-07 23:09:43,320,10,3,Владимир,44
799,2021-09-20 1:44:16,11,72,37,Воркута,54
800,2021-08-29 22:41:54,402,37,99,Бугульма,112
801,2021-06-01 6:29:03,18,81,103,Уфа,235
802,2021-05-26 4:52:15,18,9,63,Казань,163
803,2021-11-10 11:10:13,402,70,73,Йошкар-Ола,105
804,2021-12-13 17:02:59,320,1,49,Кольцово,202
805,2021-08-07 9:17:00,402,112,92,Внуково,94
806,2021-08-15 6:20:56,330,22,29,Бегишево,159
807,2021-09-14 16:49:46,402,61,31,Стригино,206
808,2021-08-01 7:11:14,11,102,70,Шереметьево,128
809,2021-12-08 23:01:15,757,69,21,Йошкар-Ола,192
810,2021-08-06 16:05:44,787,114,26,Волоковая,84
811,2021-09-16 16:05:45,727,66,116,Восточный,123
812,2021-04-18 5:39:33,300,92,30,Беслан,38
813,2021-11-18 9:11:48,310,47,13,Красноярск,72
814,2021-09-17 4:59:12,727,32,98,Шереметьево,106
815,2021-11-25 1:13:08,21,79,58,Внуково,181
816,2021-06-14 13:00:48,404,59,11,Ижевск,55
817,2021-08-07 17:52:38,21,72,2,Братск,240
818,2021-08-28 3:43:44,402,29,38,Челябинск,255
819,2021-07-11 11:10:21,18,9,118,Чертовицкое,48
820,2021-05-11 19:02:21,767,108,26,Волоковая,116
821,2021-09-05 9:23:18,11,84,89,Домодедово,70
822,2021-01-19 11:27:21,220,80,9,Воркута,104
823,2021-09-22 5:18:04,747,19,38,Остафьево,234
824,2021-09-23 2:47:09,21,6,26,Братск,104
825,2021-08-05 10:01:01,300,63,14,Ростов-на-Дону,33
826,2021-10-04 19:02:53,402,57,53,Тюмень,94
827,2021-06-14 3:54:45,767,114,57,Кемерово,149
828,2021-09-12 0:22:31,727,25,11,Вологда,213
829,2021-10-20 15:06:03,320,73,83,Ижевск,246
830,2021-10-06 11:03:13,300,83,76,Уфа,148
831,2021-09-24 8:51:52,737,10,113,Челябинск,77
832,2021-08-18 7:23:49,919,88,105,Витязево,168
833,2021-07-18 6:59:15,300,117,95,Толмачево,164
834,2021-08-02 17:33:46,919,68,69,Стригино,111
835,2021-08-21 17:02:20,777,33,120,Ростов-на-Дону,247
836,2021-04-18 19:57:21,21,64,11,Черемшанка,227
837,2021-10-05 5:02:58,11,52,115,Ярославль,183
838,2021-09-06 11:10:12,919,29,116,Победилово,190
839,2021-12-12 1:23:15,320,29,2,Имени Г.С.Титова,91
840,2021-06-27 19:32:33,727,115,17,Беслан,60
841,2021-09-10 18:17:48,122,2,118,Витязево,84
842,2021-08-23 16:18:19,757,44,120,Имени Г.С.Титова,80
843,2021-11-24 5:12:58,737,18,113,Победилово,66
844,2021-12-14 22:47:47,737,108,114,Пулково,185
845,2021-10-26 21:07:18,122,16,103,Шереметьево,172
846,2021-01-09 22:42:33,747,101,105,Толмачево,118
847,2021-01-27 5:18:45,122,115,42,Храброво,67
848,2021-11-01 17:08:28,220,113,65,Воркута,154
849,2021-02-15 21:06:09,404,113,2,Имени Г.С.Титова,213
850,2021-11-03 9:08:48,737,73,73,Внуково,151
851,2021-09-09 3:37:27,919,18,4,Тюмень,227
852,2021-07-26 0:47:39,737,44,46,Вологда,42
853,2021-04-02 17:56:45,402,122,24,Ярославль,248
854,2021-10-16 11:05:13,220,61,76,Домодедово,242
855,2021-09-24 21:45:19,300,4,11,Челябинск,86
856,2021-03-14 2:09:21,747,117,100,Внуково,157
857,2021-03-18 6:13:57,122,51,68,Ханты-Мансийск,68
858,2021-12-01 7:14:23,21,65,48,Волоковая,113
859,2021-08-11 12:06:47,747,12,39,Шереметьево,57
860,2021-05-14 19:50:45,21,37,46,Грабцево,94
861,2021-05-26 13:58:18,330,111,56,Восточный,232
862,2021-11-11 17:10:28,919,59,64,Остафьево,123
863,2021-07-15 15:16:54,11,69,106,Домодедово,82
864,2021-09-04 3:18:35,727,22,40,Внуково,137
865,2021-09-24 4:34:03,919,74,56,Шереметьево,83
866,2021-04-27 18:24:21,777,60,16,Братск,205
867,2021-10-29 9:07:48,11,119,25,Витязево,202
868,2021-04-15 6:10:33,11,41,32,Восточный,164
869,2021-03-28 9:16:33,747,92,31,Бегишево,238
870,2021-10-21 21:06:18,402,56,40,Чебоксары,201
871,2021-07-06 12:51:42,777,2,79,Ханты-Мансийск,115
872,2021-06-22 12:07:51,767,66,89,Иркутск,72
873,2021-06-06 13:53:45,330,47,104,Братск,186
874,2021-01-08 3:49:09,220,22,82,Йошкар-Ола,161
875,2021-10-10 5:03:58,11,50,79,Шереметьево,233
876,2021-05-27 17:16:27,737,36,76,Брянск,70
877,2021-08-11 20:42:25,11,89,112,Шереметьево,61
878,2021-08-27 19:08:06,757,84,95,Стригино,89
879,2021-08-08 19:39:32,919,5,14,Гумрак,40
880,2021-09-02 4:02:36,737,5,57,Стригино,133
881,2021-08-29 14:06:16,18,94,61,Ярославль,222
882,2021-05-13 7:26:33,330,41,51,Воркута,215
883,2021-09-23 15:40:36,220,61,53,Восточный,245
884,2021-10-12 7:04:23,320,10,92,Владимир,105
885,2021-08-17 9:54:44,122,46,15,Ростов-на-Дону,168
886,2021-04-12 20:59:21,300,68,31,Кневичи,142
887,2021-09-16 20:23:34,787,122,30,Вологда,46
888,2021-08-12 13:53:41,777,67,55,Кневичи,98
889,2021-05-31 21:23:00,310,89,11,Ростов-на-Дону,124
890,2021-02-28 9:19:57,777,3,93,Домодедово,196
891,2021-10-04 9:02:48,11,84,113,Владимир,132
892,2021-03-31 23:03:21,330,10,93,Грабцево,87
893,2021-05-01 22:28:57,757,78,64,Кольцово,95
894,2021-02-27 19:02:09,11,25,2,Казань,52
895,2021-06-22 3:01:48,767,95,115,Челябинск,165
896,2021-09-03 5:49:30,402,84,93,Братск,225
897,2021-08-24 22:23:02,402,41,29,Кемерово,78
898,2021-05-11 0:50:15,402,109,78,Победилово,107
899,2021-05-02 12:46:45,777,119,122,Шереметьево,244
900,2021-08-21 8:26:42,330,63,101,Остафьево,104
901,2021-08-28 20:55:00,122,45,17,Брянск,50
902,2021-10-02 17:02:28,777,38,106,Уфа,65
903,2021-08-26 8:45:34,300,87,13,Кемерово,124
904,2021-06-08 11:24:00,402,92,43,Йошкар-Ола,72
905,2021-03-03 23:06:45,320,41,33,Кневичи,58
906,2021-12-09 13:53:39,11,119,53,Тюмень,213
907,2021-06-17 13:49:12,404,100,106,Беслан,163
908,2021-07-30 16:30:53,300,12,25,Имени Г.С.Титова,46
909,2021-01-30 19:05:33,220,3,106,Домодедово,51
910,2021-11-15 21:11:18,404,16,1,Ярославль,44
911,2021-09-15 10:01:02,777,78,75,Шереметьево,251
912,2021-08-04 16:49:45,919,56,6,Храброво,181
913,2021-11-23 19:12:53,767,50,10,Шереметьево,201
914,2021-09-25 2:03:08,727,116,114,Гумрак,106
915,2021-06-07 8:05:51,21,40,6,Имени Г.С.Титова,60
916,2021-07-27 11:10:11,787,67,108,Витязево,51
917,2021-05-28 20:34:36,122,57,33,Уфа,227
918,2021-11-29 15:14:03,330,54,60,Иркутск,34
919,2021-09-19 12:50:49,21,27,102,Братск,141
920,2021-05-07 21:26:57,727,9,48,Бегишево,64
921,2021-09-10 5:24:21,787,101,69,Владимир,166
922,2021-12-15 3:45:15,757,105,9,Остафьево,65
923,2021-02-23 14:57:33,11,87,97,Шереметьево,171
924,2021-10-30 5:07:58,122,17,119,Уфа,172
925,2021-11-12 3:10:33,18,11,85,Челябинск,138
926,2021-09-14 8:14:08,777,4,68,Чебоксары,170
927,2021-07-31 5:24:20,727,33,99,Вологда,240
928,2021-07-16 18:35:03,310,36,121,Шереметьево,232
929,2021-01-04 14:02:21,220,20,68,Кневичи,198
930,2021-12-13 2:10:35,727,108,72,Витязево,229
931,2021-01-01 14:33:21,330,14,64,Кольцово,234
932,2021-07-25 16:12:01,320,26,44,Тюмень,160
933,2021-09-14 3:56:19,737,90,24,Волоковая,183
934,2021-08-06 7:30:06,18,89,84,Брянск,87
935,2021-12-04 4:59:31,220,82,30,Стригино,200
936,2021-08-30 20:10:59,767,103,68,Ростов-на-Дону,244
937,2021-08-19 9:10:43,122,42,16,Челябинск,103
938,2021-06-19 11:19:27,919,58,113,Красноярск,115
939,2021-05-12 4:08:24,220,13,33,Шереметьево,175
940,2021-08-14 21:45:18,402,27,14,Бугульма,56
941,2021-04-05 17:25:45,21,14,107,Уфа,98
942,2021-01-18 21:09:33,320,28,31,Бугульма,52
943,2021-05-29 23:52:45,757,119,107,Внуково,186
944,2021-12-12 21:13:07,737,74,91,Пенза,166
945,2021-06-18 17:07:21,220,22,92,Толмачево,107
946,2021-12-11 5:33:23,310,118,115,Черемшанка,203
947,2021-10-23 3:06:33,787,91,10,Шереметьево,193
948,2021-03-26 0:05:21,747,113,85,Толмачево,94
949,2021-08-29 1:12:49,777,78,84,Бегишево,236
950,2021-05-25 10:40:09,402,28,121,Красноярск,49
951,2021-05-09 2:02:33,11,119,98,Ханты-Мансийск,246
952,2021-10-21 1:06:08,747,105,48,Тюмень,253
953,2021-07-21 7:47:39,737,8,93,Тюмень,146
954,2021-02-21 5:46:21,18,83,34,Шереметьево,114
955,2021-01-17 2:16:09,402,95,111,Йошкар-Ола,246
956,2021-08-18 15:59:27,757,89,114,Шереметьево,56
957,2021-04-04 12:50:09,747,118,94,Ростов-на-Дону,63
958,2021-08-16 12:25:39,11,70,93,Кневичи,42
959,2021-09-23 19:58:25,747,88,2,Ханты-Мансийск,173
960,2021-07-01 14:33:03,18,118,118,Красноярск,249
961,2021-09-19 21:26:27,220,87,109,Ижевск,88
962,2021-09-16 3:12:18,402,101,53,Вологда,161
963,2021-08-17 5:36:55,737,48,56,Восточный,170
964,2021-09-04 11:54:13,737,23,45,Шереметьево,73
965,2021-12-06 16:29:07,402,76,91,Шереметьево,116
966,2021-01-30 4:47:45,777,45,43,Челябинск,244
967,2021-09-11 7:11:15,777,95,12,Остафьево,66
968,2021-06-11 21:18:27,737,52,16,Ярославль,234
969,2021-07-28 4:21:27,11,105,6,Шереметьево,38
970,2021-08-14 8:51:51,737,116,121,Воркута,38
971,2021-09-13 15:02:52,402,95,115,Иркутск,86
972,2021-08-22 1:37:58,11,41,50,Брянск,203
973,2021-09-12 17:33:47,757,57,91,Витязево,169
974,2021-03-30 4:09:57,11,50,16,Грабцево,224
975,2021-05-14 10:44:42,21,92,93,Челябинск,76
976,2021-09-03 10:07:19,18,32,92,Чертовицкое,247
977,2021-08-16 21:01:17,777,50,65,Гумрак,157
978,2021-08-05 5:43:12,18,81,44,Шереметьево,171
979,2021-02-14 2:12:45,767,19,99,Владимир,167
980,2021-11-19 5:11:58,11,36,46,Имени Г.С.Титова,206
981,2021-11-13 19:10:53,402,109,119,Братск,197
982,2021-06-12 15:30:33,777,36,119,Стригино,67
983,2021-07-25 2:48:09,11,41,113,Чертовицкое,84
984,2021-04-30 3:35:33,18,20,118,Чебоксары,247
985,2021-08-13 11:22:46,11,73,35,Воркута,190
986,2021-03-02 4:13:21,11,103,12,Вологда,46
987,2021-06-28 13:44:39,737,24,111,Кольцово,230
988,2021-02-26 0:08:45,402,25,49,Черемшанка,115
989,2021-08-13 15:40:35,402,7,12,Стригино,155
990,2021-08-01 2:53:25,11,5,85,Ханты-Мансийск,56
991,2021-09-04 7:36:24,737,46,30,Бегишево,186
992,2021-07-14 2:52:42,11,90,103,Брянск,47
993,2021-05-09 16:20:21,777,105,118,Ростов-на-Дону,42
994,2021-08-14 0:16:13,402,78,93,Витязево,88
995,2021-12-07 7:21:31,18,119,58,Шереметьево,138
996,2021-09-11 11:29:04,404,79,92,Красноярск,221
997,2021-07-23 5:17:54,747,67,93,Тюмень,71
998,2021-09-07 17:14:55,402,16,110,Тюмень,178
999,2021-11-11 7:10:23,402,95,56,Грабцево,137
1000,2021-01-01 3:34:12,747,111,122,Чебоксары,67
1001,2021-01-01 22:11:10,18,2,89,Ханты-Мансийск,50
1002,2021-01-02 16:48:08,737,104,94,Иркутск,174
1003,2021-01-03 11:25:06,777,120,98,Братск,99
1004,2021-01-04 6:02:04,737,122,11,Йошкар-Ола,167
1005,2021-01-05 0:39:02,737,112,22,Шереметьево,197
1006,2021-01-05 19:16:00,767,32,107,Брянск,106
1007,2021-01-06 13:52:58,11,32,19,Шереметьево,148
1008,2021-01-07 8:29:56,402,32,46,Стригино,150
1009,2021-01-08 3:06:54,122,66,86,Гумрак,78
1010,2021-01-08 21:43:52,757,66,86,Стригино,56
1011,2021-01-09 16:20:50,757,107,6,Ярославль,130
1012,2021-01-10 10:57:48,11,2,50,Воркута,126
1013,2021-01-11 5:34:46,737,3,50,Восточный,53
1014,2021-01-12 0:11:44,777,111,119,Владимир,142
1015,2021-01-12 18:48:42,757,66,98,Ростов-на-Дону,180
1016,2021-01-13 13:25:40,747,108,66,Кневичи,114
1017,2021-01-14 8:02:38,757,3,36,Вологда,68
1018,2021-01-15 2:39:36,18,121,27,Кневичи,59
1019,2021-01-15 21:16:34,402,3,98,Ростов-на-Дону,182
1020,2021-01-16 15:53:32,402,3,78,Домодедово,173
1021,2021-01-17 10:30:30,11,3,121,Владимир,199
1022,2021-01-18 5:07:28,11,66,109,Грабцево,55
1023,2021-01-18 23:44:26,757,3,87,Кольцово,128
1024,2021-01-19 18:21:24,402,3,98,Казань,176
1025,2021-01-20 12:58:22,757,32,97,Челябинск,173
1026,2021-01-21 7:35:20,11,119,92,Братск,106
1027,2021-01-22 2:12:18,18,2,102,Кемерово,197
1028,2021-01-22 20:49:16,18,102,116,Победилово,58
1029,2021-01-23 15:26:14,11,104,71,Шереметьево,104
1030,2021-01-24 10:03:12,747,116,9,Остафьево,53
1031,2021-01-25 4:40:10,11,66,108,Брянск,79
1032,2021-01-25 23:17:08,777,3,119,Уфа,111
1033,2021-01-26 17:54:06,11,113,92,Кемерово,112
1034,2021-01-27 12:31:04,757,113,58,Йошкар-Ола,181
1035,2021-01-28 7:08:02,11,115,23,Кневичи,94
1036,2021-01-29 1:45:00,747,3,33,Тюмень,71
1037,2021-01-29 20:21:58,18,12,106,Беслан,96
1038,2021-01-30 14:58:56,777,3,51,Имени Г.С.Титова,67
1039,2021-01-31 9:35:54,11,120,117,Домодедово,105
1040,2021-02-01 4:12:52,777,107,100,Ярославль,175
1041,2021-02-01 22:49:50,737,32,27,Шереметьево,87
1042,2021-02-02 17:26:48,402,66,97,Храброво,79
1043,2021-02-03 12:03:46,11,3,63,Шереметьево,190
1044,2021-02-04 6:40:44,777,117,35,Гумрак,182
1045,2021-02-05 1:17:42,747,32,1,Имени Г.С.Титова,189
1046,2021-02-05 19:54:40,330,108,5,Витязево,181
1047,2021-02-06 14:31:38,737,108,19,Уфа,171
1048,2021-02-07 9:08:36,11,117,94,Иркутск,190
1049,2021-02-08 3:45:34,404,12,117,Братск,88
1050,2021-02-08 22:22:32,919,32,24,Бегишево,138
1051,2021-02-09 16:59:30,402,101,120,Владимир,169
1052,2021-02-10 11:36:28,404,32,15,Остафьево,97
1053,2021-02-11 6:13:26,18,32,120,Шереметьево,110
1054,2021-02-12 0:50:24,737,3,64,Уфа,76
1055,2021-02-12 19:27:22,737,12,24,Челябинск,170
1056,2021-02-13 14:04:20,767,105,60,Чебоксары,145
1057,2021-02-14 8:41:18,402,12,91,Вологда,105
1058,2021-02-15 3:18:16,747,32,96,Шереметьево,187
1059,2021-02-15 21:55:14,747,116,10,Кневичи,118
1060,2021-02-16 16:32:12,777,32,2,Витязево,200
1061,2021-02-17 11:09:10,11,117,24,Кольцово,156
1062,2021-02-18 5:46:08,777,12,49,Тюмень,65
1063,2021-02-19 0:23:06,402,3,91,Волоковая,112
1064,2021-02-19 19:00:04,777,9,7,Брянск,122
1065,2021-02-20 13:37:02,402,121,102,Стригино,194
1066,2021-02-21 8:14:00,402,113,6,Ростов-на-Дону,131
1067,2021-02-22 2:50:58,777,66,52,Челябинск,150
1068,2021-02-22 21:27:56,11,2,53,Красноярск,71
1069,2021-02-23 16:04:54,11,32,97,Шереметьево,66
1070,2021-02-24 10:41:52,18,12,10,Бугульма,176
1071,2021-02-25 5:18:50,18,9,42,Уфа,85
1072,2021-02-25 23:55:48,11,9,71,Бугульма,100
1073,2021-02-26 18:32:46,402,118,91,Внуково,136
1074,2021-02-27 13:09:44,757,109,60,Пенза,64
1075,2021-02-28 7:46:42,11,9,40,Толмачево,124
1076,2021-03-01 2:23:40,11,12,9,Черемшанка,65
1077,2021-03-01 21:00:38,757,121,88,Шереметьево,149
1078,2021-03-02 15:37:36,11,66,61,Толмачево,68
1079,2021-03-03 10:14:34,402,12,107,Бегишево,86
1080,2021-03-04 4:51:32,777,107,73,Красноярск,84
1081,2021-03-04 23:28:30,11,66,88,Ханты-Мансийск,102
1082,2021-03-05 18:05:28,777,122,29,Тюмень,116
1083,2021-03-06 12:42:26,757,108,74,Тюмень,108
1084,2021-03-07 7:19:24,11,9,78,Шереметьево,156
1085,2021-03-08 1:56:22,777,66,52,Йошкар-Ола,138
1086,2021-03-08 20:33:20,402,3,19,Шереметьево,96
1087,2021-03-09 15:10:18,18,3,16,Ростов-на-Дону,155
1088,2021-03-10 9:47:16,11,66,60,Кневичи,149
1089,2021-03-11 4:24:14,402,3,97,Ханты-Мансийск,198
1090,2021-03-11 23:01:12,220,12,92,Красноярск,89
1091,2021-03-12 17:38:10,11,122,112,Ижевск,162
1092,2021-03-13 12:15:08,757,120,48,Вологда,90
1093,2021-03-14 6:52:06,747,32,76,Восточный,52
1094,2021-03-15 1:29:04,757,103,55,Шереметьево,50
1095,2021-03-15 20:06:02,18,3,112,Шереметьево,106
1096,2021-03-16 14:43:00,11,103,83,Челябинск,144
1097,2021-03-17 9:19:58,777,32,24,Остафьево,75
1098,2021-03-18 3:56:56,402,119,26,Ярославль,72
1099,2021-03-18 22:33:54,402,108,92,Шереметьево,172
1100,2021-03-19 17:10:52,11,32,92,Воркута,117
1101,2021-03-20 11:47:50,122,111,87,Иркутск,153
1102,2021-03-21 6:24:48,402,3,35,Брянск,174
1103,2021-03-22 1:01:46,18,118,94,Витязево,97
1104,2021-03-22 19:38:44,747,12,73,Грабцево,93
1105,2021-03-23 14:15:42,777,12,57,Челябинск,155
1106,2021-03-24 8:52:40,777,66,35,Чертовицкое,79
1107,2021-03-25 3:29:38,18,12,69,Гумрак,179
1108,2021-03-25 22:06:36,777,66,68,Шереметьево,67
1109,2021-03-26 16:43:34,757,66,82,Владимир,106
1110,2021-03-27 11:20:32,18,109,54,Имени Г.С.Титова,178
1111,2021-03-28 5:57:30,747,2,36,Братск,62
1112,2021-03-29 0:34:28,737,3,51,Стригино,62
1113,2021-03-29 19:11:26,11,66,72,Чертовицкое,177
1114,2021-03-30 13:48:24,18,12,28,Чебоксары,85
1115,2021-03-31 8:25:22,747,120,118,Воркута,61
1116,2021-04-01 3:02:20,11,32,98,Вологда,55
1117,2021-04-01 21:39:18,737,117,53,Кольцово,99
1118,2021-04-02 16:16:16,757,3,34,Черемшанка,143
1119,2021-04-03 10:53:14,402,3,77,Стригино,69
1120,2021-04-04 5:30:12,747,3,29,Ханты-Мансийск,128
1121,2021-04-05 0:07:10,737,120,3,Бегишево,145
1122,2021-04-05 18:44:08,18,2,75,Брянск,119
1123,2021-04-06 13:21:06,747,103,102,Ростов-на-Дону,141
1124,2021-04-07 7:58:04,757,103,93,Витязево,192
1125,2021-04-08 2:35:02,777,12,23,Шереметьево,190
1126,2021-04-08 21:12:00,402,103,75,Красноярск,194
1127,2021-04-09 15:48:58,402,110,71,Тюмень,158
1128,2021-04-10 10:25:56,737,66,13,Тюмень,81
1129,2021-04-11 5:02:54,402,3,52,Грабцево,59
1130,2021-04-11 23:39:52,402,2,24,Чебоксары,196
1131,2021-04-12 18:16:50,402,3,91,Ханты-Мансийск,142
1132,2021-04-13 12:53:48,757,9,1,Иркутск,103
1133,2021-04-14 7:30:46,747,101,20,Братск,91
1134,2021-04-15 2:07:44,11,102,113,Йошкар-Ола,178
1135,2021-04-15 20:44:42,777,3,48,Шереметьево,149
1136,2021-04-16 15:21:40,11,3,6,Брянск,151
1137,2021-04-17 9:58:38,402,32,45,Шереметьево,122
1138,2021-04-18 4:35:36,757,103,64,Стригино,118
1139,2021-04-18 23:12:34,757,9,11,Гумрак,107
1140,2021-04-19 17:49:32,737,118,86,Стригино,83
1141,2021-04-20 12:26:30,402,118,77,Ярославль,122
1142,2021-04-21 7:03:28,747,12,29,Воркута,78
1143,2021-04-22 1:40:26,737,108,36,Восточный,138
1144,2021-04-22 20:17:24,11,121,15,Владимир,59
1145,2021-04-23 14:54:22,11,115,59,Ростов-на-Дону,149
1146,2021-04-24 9:31:20,11,32,54,Кневичи,71
1147,2021-04-25 4:08:18,747,12,108,Вологда,167
1148,2021-04-25 22:45:16,777,2,5,Кневичи,76
1149,2021-04-26 17:22:14,402,9,45,Ростов-на-Дону,186
1150,2021-04-27 11:59:12,11,122,28,Домодедово,62
1151,2021-04-28 6:36:10,737,12,21,Владимир,162
1152,2021-04-29 1:13:08,11,2,2,Грабцево,175
1153,2021-04-29 19:50:06,402,3,93,Кольцово,81
1154,2021-04-30 14:27:04,402,2,78,Казань,144
1155,2021-05-01 9:04:02,18,66,120,Челябинск,144
1156,2021-05-02 3:41:00,757,66,108,Братск,59
1157,2021-05-02 22:17:58,11,9,92,Кемерово,136
1158,2021-05-03 16:54:56,18,66,69,Победилово,64
1159,2021-05-04 11:31:54,18,32,2,Шереметьево,105
1160,2021-05-05 6:08:52,777,32,99,Остафьево,197
1161,2021-05-06 0:45:50,777,113,109,Брянск,111
1162,2021-05-06 19:22:48,757,105,88,Уфа,89
1163,2021-05-07 13:59:46,737,102,33,Кемерово,157
1164,2021-05-08 8:36:44,747,66,112,Йошкар-Ола,200
1165,2021-05-09 3:13:42,11,32,22,Кневичи,116
1166,2021-05-09 21:50:40,11,121,58,Тюмень,147
1167,2021-05-10 16:27:38,757,110,19,Беслан,75
1168,2021-05-11 11:04:36,18,3,103,Имени Г.С.Титова,108
1169,2021-05-12 5:41:34,737,2,114,Домодедово,149
1170,2021-05-13 0:18:32,757,102,71,Ярославль,89
1171,2021-05-13 18:55:30,747,113,13,Шереметьево,148
1172,2021-05-14 13:32:28,330,12,96,Храброво,62
1173,2021-05-15 8:09:26,757,12,73,Шереметьево,111
1174,2021-05-16 2:46:24,18,32,108,Гумрак,89
1175,2021-05-16 21:23:22,18,106,23,Имени Г.С.Титова,131
1176,2021-05-17 16:00:20,737,3,110,Витязево,116
1177,2021-05-18 10:37:18,737,66,92,Уфа,57
1178,2021-05-19 5:14:16,11,103,11,Иркутск,141
1179,2021-05-19 23:51:14,18,32,122,Братск,160
1180,2021-05-20 18:28:12,777,107,13,Бегишево,139
1181,2021-05-21 13:05:10,18,120,31,Владимир,65
1182,2021-05-22 7:42:08,747,2,109,Остафьево,142
1183,2021-05-23 2:19:06,402,9,32,Шереметьево,124
1184,2021-05-23 20:56:04,777,103,7,Уфа,181
1185,2021-05-24 15:33:02,727,111,109,Челябинск,162
1186,2021-05-25 10:10:00,402,12,24,Чебоксары,115
1187,2021-05-26 4:46:58,777,2,35,Вологда,104
1188,2021-05-26 23:23:56,757,116,50,Шереметьево,82
1189,2021-05-27 18:00:54,11,108,116,Кневичи,188
1190,2021-05-28 12:37:52,18,12,34,Витязево,111
1191,2021-05-29 7:14:50,11,9,18,Кольцово,100
1192,2021-05-30 1:51:48,737,116,117,Тюмень,128
1193,2021-05-30 20:28:46,402,66,105,Волоковая,86
1194,2021-05-31 15:05:44,18,32,18,Брянск,144
1195,2021-06-01 9:42:42,402,32,48,Стригино,195
1196,2021-06-02 4:19:40,737,2,24,Ростов-на-Дону,155
1197,2021-06-02 22:56:38,737,32,51,Челябинск,166
1198,2021-06-03 17:33:36,11,119,25,Красноярск,146
1199,2021-06-04 12:10:34,402,32,21,Шереметьево,161
1200,2021-06-05 6:47:32,777,12,46,Бугульма,138
1201,2021-06-06 1:24:30,747,12,11,Уфа,153
1202,2021-06-06 20:01:28,18,118,44,Бугульма,131
1203,2021-06-07 14:38:26,737,9,110,Внуково,96
1204,2021-06-08 9:15:24,402,9,97,Пенза,191
1205,2021-06-09 3:52:22,11,2,84,Толмачево,138
1206,2021-06-09 22:29:20,757,12,74,Черемшанка,157
1207,2021-06-10 17:06:18,767,105,115,Шереметьево,154
1208,2021-06-11 11:43:16,402,32,38,Толмачево,100
1209,2021-06-12 6:20:14,737,111,112,Бегишево,165
1210,2021-06-13 0:57:12,777,32,6,Красноярск,91
1211,2021-06-13 19:34:10,777,66,45,Ханты-Мансийск,137
1212,2021-06-14 14:11:08,402,3,93,Тюмень,109
1213,2021-06-15 8:48:06,11,110,50,Тюмень,130
1214,2021-06-16 3:25:04,402,32,76,Шереметьево,111
1215,2021-06-16 22:02:02,747,3,61,Йошкар-Ола,96
1216,2021-06-17 16:39:00,777,9,111,Шереметьево,132
1217,2021-06-18 11:15:58,747,3,49,Ростов-на-Дону,183
1218,2021-06-19 5:52:56,777,3,105,Кневичи,189
1219,2021-06-20 0:29:54,737,2,109,Ханты-Мансийск,164
1220,2021-06-20 19:06:52,11,3,104,Красноярск,111
1221,2021-06-21 13:43:50,737,66,76,Ижевск,112
1222,2021-06-22 8:20:48,310,119,25,Вологда,183
1223,2021-06-23 2:57:46,18,103,41,Восточный,165
1224,2021-06-23 21:34:44,919,105,8,Шереметьево,60
1225,2021-06-24 16:11:42,402,107,105,Шереметьево,144
1226,2021-06-25 10:48:40,402,116,109,Челябинск,138
1227,2021-06-26 5:25:38,727,66,78,Остафьево,73
1228,2021-06-27 0:02:36,18,12,109,Ярославль,150
1229,2021-06-27 18:39:34,747,117,44,Шереметьево,167
1230,2021-06-28 13:16:32,777,2,100,Воркута,194
1231,2021-06-29 7:53:30,777,109,110,Иркутск,145
1232,2021-06-30 2:30:28,757,100,72,Брянск,84
1233,2021-06-30 21:07:26,402,66,19,Витязево,171
1234,2021-07-01 15:44:24,747,103,120,Грабцево,76
1235,2021-07-02 10:21:22,11,2,69,Челябинск,53
1236,2021-07-03 4:58:20,402,66,49,Чертовицкое,61
1237,2021-07-03 23:35:18,747,117,41,Гумрак,152
1238,2021-07-04 18:12:16,18,104,20,Шереметьево,123
1239,2021-07-05 12:49:14,18,32,55,Владимир,112
1240,2021-07-06 7:26:12,747,2,64,Имени Г.С.Титова,60
1241,2021-07-07 2:03:10,757,9,105,Братск,116
1242,2021-07-07 20:40:08,18,105,52,Стригино,87
1243,2021-07-08 15:17:06,757,66,42,Чертовицкое,159
1244,2021-07-09 9:54:04,757,103,109,Чебоксары,144
1245,2021-07-10 4:31:02,757,12,121,Воркута,73
1246,2021-07-10 23:08:00,18,3,30,Вологда,137
1247,2021-07-11 17:44:58,402,32,96,Кольцово,73
1248,2021-07-12 12:21:56,18,66,105,Черемшанка,139
1249,2021-07-13 6:58:54,11,104,116,Стригино,132
1250,2021-07-14 1:35:52,402,32,6,Ханты-Мансийск,123
1251,2021-07-14 20:12:50,11,9,119,Бегишево,171
1252,2021-07-15 14:49:48,757,3,6,Брянск,72
1253,2021-07-16 9:26:46,11,9,118,Ростов-на-Дону,172
1254,2021-07-17 4:03:44,737,12,33,Витязево,194
1255,2021-07-17 22:40:42,737,2,47,Шереметьево,89
1256,2021-07-18 17:17:40,18,9,19,Красноярск,119
1257,2021-07-19 11:54:38,18,109,117,Тюмень,151
1258,2021-07-20 6:31:36,220,2,43,Тюмень,114
1259,2021-07-21 1:08:34,777,115,28,Грабцево,193
1260,2021-07-21 19:45:32,737,110,50,Чебоксары,188
1261,2021-07-22 14:22:30,11,106,50,Ханты-Мансийск,60
1262,2021-07-23 8:59:28,11,66,56,Иркутск,149
1263,2021-07-24 3:36:26,402,2,53,Братск,59
1264,2021-07-24 22:13:24,777,101,96,Йошкар-Ола,189
1265,2021-07-25 16:50:22,777,32,15,Шереметьево,106
1266,2021-07-26 11:27:20,747,2,30,Брянск,147
1267,2021-07-27 6:04:18,747,121,1,Шереметьево,172
1268,2021-07-28 0:41:16,11,12,11,Стригино,134
1269,2021-07-28 19:18:14,777,118,35,Гумрак,58
1270,2021-07-29 13:55:12,747,3,61,Стригино,189
1271,2021-07-30 8:32:10,11,112,82,Ярославль,154
1272,2021-07-31 3:09:08,11,102,78,Воркута,173
1273,2021-07-31 21:46:06,402,3,54,Восточный,81
1274,2021-08-01 16:23:04,747,32,27,Владимир,127
1275,2021-08-02 11:00:02,747,12,41,Ростов-на-Дону,189
1276,2021-08-03 5:37:00,402,2,67,Кневичи,170
1277,2021-08-04 0:13:58,402,122,69,Вологда,62
1278,2021-08-04 18:50:56,11,32,103,Кневичи,51
1279,2021-08-05 13:27:54,757,12,28,Ростов-на-Дону,88
1280,2021-08-06 8:04:52,11,112,104,Домодедово,198
1281,2021-08-07 2:41:50,767,32,73,Владимир,188
1282,2021-08-07 21:18:48,402,66,91,Грабцево,72
1283,2021-08-08 15:55:46,747,104,38,Кольцово,112
1284,2021-08-09 10:32:44,300,111,94,Казань,171
1285,2021-08-10 5:09:42,747,12,73,Челябинск,91
1286,2021-08-10 23:46:40,919,2,53,Братск,78
1287,2021-08-11 18:23:38,747,121,44,Кемерово,119
1288,2021-08-12 13:00:36,18,115,72,Победилово,112
1289,2021-08-13 7:37:34,757,12,60,Шереметьево,166
1290,2021-08-14 2:14:32,18,3,85,Остафьево,88
1291,2021-08-14 20:51:30,18,109,42,Брянск,72
1292,2021-08-15 15:28:28,11,3,46,Уфа,109
1293,2021-08-16 10:05:26,777,12,29,Кемерово,167
1294,2021-08-17 4:42:24,402,12,47,Йошкар-Ола,83
1295,2021-08-17 23:19:22,777,117,54,Кневичи,68
1296,2021-08-18 17:56:20,402,122,112,Тюмень,194
1297,2021-08-19 12:33:18,737,3,46,Беслан,114
1298,2021-08-20 7:10:16,18,107,116,Имени Г.С.Титова,188
1299,2021-08-21 1:47:14,757,3,102,Домодедово,131
1300,2021-08-21 20:24:12,777,111,63,Ярославль,83
1301,2021-08-22 15:01:10,777,32,39,Шереметьево,129
1302,2021-08-23 9:38:08,737,108,32,Храброво,54
1303,2021-08-24 4:15:06,777,103,58,Шереметьево,87
1304,2021-08-24 22:52:04,402,122,69,Гумрак,122
1305,2021-08-25 17:29:02,11,107,105,Имени Г.С.Титова,144
1306,2021-08-26 12:06:00,747,12,42,Витязево,149
1307,2021-08-27 6:42:58,402,2,116,Уфа,68
1308,2021-08-28 1:19:56,747,2,96,Иркутск,148
1309,2021-08-28 19:56:54,737,12,43,Братск,144
1310,2021-08-29 14:33:52,737,32,111,Бегишево,118
1311,2021-08-30 9:10:50,402,116,16,Владимир,136
1312,2021-08-31 3:47:48,747,32,2,Остафьево,151
1313,2021-08-31 22:24:46,777,32,41,Шереметьево,141
1314,2021-09-01 17:01:44,402,66,78,Уфа,67
1315,2021-09-02 11:38:42,737,3,41,Челябинск,140
1316,2021-09-03 6:15:40,402,12,42,Чебоксары,79
1317,2021-09-04 0:52:38,757,2,75,Вологда,165
1318,2021-09-04 19:29:36,737,108,117,Шереметьево,76
1319,2021-09-05 14:06:34,747,100,103,Кневичи,170
1320,2021-09-06 8:43:32,402,112,12,Витязево,55
1321,2021-09-07 3:20:30,320,3,71,Кольцово,73
1322,2021-09-07 21:57:28,757,2,26,Тюмень,104
1323,2021-09-08 16:34:26,727,66,94,Волоковая,66
1324,2021-09-09 11:11:24,18,118,122,Брянск,113
1325,2021-09-10 5:48:22,747,2,121,Стригино,83
1326,2021-09-11 0:25:20,757,101,60,Ростов-на-Дону,91
1327,2021-09-11 19:02:18,402,9,86,Челябинск,179
1328,2021-09-12 13:39:16,757,66,33,Красноярск,149
1329,2021-09-13 8:16:14,18,117,65,Шереметьево,130
1330,2021-09-14 2:53:12,747,2,72,Бугульма,141
1331,2021-09-14 21:30:10,11,106,31,Уфа,158
1332,2021-09-15 16:07:08,777,66,7,Бугульма,175
1333,2021-09-16 10:44:06,757,104,34,Внуково,99
1334,2021-09-17 5:21:04,402,116,61,Пенза,56
1335,2021-09-17 23:58:02,18,9,3,Толмачево,51
1336,2021-09-18 18:35:00,11,100,4,Черемшанка,170
1337,2021-09-19 13:11:58,757,117,69,Шереметьево,166
1338,2021-09-20 7:48:56,18,115,9,Толмачево,172
1339,2021-09-21 2:25:54,11,112,107,Бегишево,129
1340,2021-09-21 21:02:52,777,32,4,Красноярск,86
1341,2021-09-22 15:39:50,11,66,96,Ханты-Мансийск,137
1342,2021-09-23 10:16:48,737,12,12,Тюмень,189
1343,2021-09-24 4:53:46,330,2,100,Тюмень,139
1344,2021-09-24 23:30:44,787,9,38,Шереметьево,123
1345,2021-09-25 18:07:42,18,66,83,Йошкар-Ола,70
1346,2021-09-26 12:44:40,402,2,9,Шереметьево,126
1347,2021-09-27 7:21:38,777,12,68,Ростов-на-Дону,183
1348,2021-09-28 1:58:36,18,112,75,Кневичи,118
1349,2021-09-28 20:35:34,737,2,47,Ханты-Мансийск,140
1350,2021-09-29 15:12:32,402,106,73,Красноярск,161
1351,2021-09-30 9:49:30,737,2,89,Ижевск,142
1352,2021-10-01 4:26:28,402,32,85,Вологда,135
1353,2021-10-01 23:03:26,402,3,65,Восточный,144
1354,2021-10-02 17:40:24,11,32,100,Шереметьево,169
1355,2021-10-03 12:17:22,11,3,65,Шереметьево,123
1356,2021-10-04 6:54:20,402,106,69,Челябинск,99
1357,2021-10-05 1:31:18,747,102,49,Остафьево,171
1358,2021-10-05 20:08:16,300,66,1,Ярославль,142
1359,2021-10-06 14:45:14,18,112,120,Шереметьево,150
1360,2021-10-07 9:22:12,757,66,104,Воркута,188
1361,2021-10-08 3:59:10,757,32,23,Иркутск,175
1362,2021-10-08 22:36:08,11,12,88,Брянск,102
1363,2021-10-09 17:13:06,402,112,3,Витязево,128
1364,2021-10-10 11:50:04,747,3,25,Грабцево,145
1365,2021-10-11 6:27:02,11,9,12,Челябинск,104
1366,2021-10-12 1:04:00,11,12,53,Чертовицкое,84
1367,2021-10-12 19:40:58,777,9,48,Гумрак,170
1368,2021-10-13 14:17:56,11,3,59,Шереметьево,164
1369,2021-10-14 8:54:54,757,9,106,Владимир,150
1370,2021-10-15 3:31:52,757,32,54,Имени Г.С.Титова,182
1371,2021-10-15 22:08:50,737,101,78,Братск,198
1372,2021-10-16 16:45:48,18,103,107,Стригино,76
1373,2021-10-17 11:22:46,402,106,49,Чертовицкое,166
1374,2021-10-18 5:59:44,11,112,64,Чебоксары,93
1375,2021-10-19 0:36:42,767,66,74,Воркута,93
1376,2021-10-19 19:13:40,11,101,97,Вологда,101
1377,2021-10-20 13:50:38,404,12,47,Кольцово,143
1378,2021-10-21 8:27:36,11,2,42,Черемшанка,107
1379,2021-10-22 3:04:34,11,2,46,Стригино,187
1380,2021-10-22 21:41:32,737,122,65,Ханты-Мансийск,64
1381,2021-10-23 16:18:30,737,32,40,Бегишево,105
1382,2021-10-24 10:55:28,747,2,115,Брянск,102
1383,2021-10-25 5:32:26,747,112,17,Ростов-на-Дону,115
1384,2021-10-26 0:09:24,402,32,22,Витязево,109
1385,2021-10-26 18:46:22,747,9,76,Шереметьево,134
1386,2021-10-27 13:23:20,777,102,67,Красноярск,75
1387,2021-10-28 8:00:18,747,3,76,Тюмень,80
1388,2021-10-29 2:37:16,737,112,105,Тюмень,109
1389,2021-10-29 21:14:14,18,113,53,Грабцево,85
1390,2021-10-30 15:51:12,757,2,45,Брянск,111
1391,2021-10-31 10:28:10,747,102,38,Ростов-на-Дону,187
1392,2021-11-01 5:05:08,737,116,119,Витязево,55
1393,2021-11-01 23:42:06,747,104,25,Шереметьево,108
1394,2021-11-02 18:19:04,747,66,106,Красноярск,119
1395,2021-11-03 12:56:02,757,32,101,Тюмень,59
1396,2021-11-04 7:33:00,777,66,113,Грабцево,55
1397,2021-11-05 2:09:58,737,118,36,Грабцево,146
1398,2021-11-05 20:46:56,402,121,70,Грабцево,191
1399,2021-11-06 15:23:54,757,12,65,Тюмень,86